label,seq,start_unix_ns,latency_ns,ok,error
T-strict-all-c10,2,1790444362338521283,228856704,1,
T-strict-all-c10,7,1790444362338931497,620741096,1,
T-strict-all-c10,5,1790444362338828122,629679852,1,
T-strict-all-c10,1,1790444362338490056,847434125,1,
T-strict-all-c10,9,1790444362339022056,878942394,1,
T-strict-all-c10,4,1790444362338769978,968011869,1,
T-strict-all-c10,3,1790444362338703793,1063928434,1,
T-strict-all-c10,8,1790444362338966831,1070617558,1,
T-strict-all-c10,10,1790444362339062497,1099047807,1,
T-strict-all-c10,12,1790444362959679369,632772257,1,
T-strict-all-c10,6,1790444362338881668,1366896048,1,
T-strict-all-c10,11,1790444362567385248,1198453031,1,
T-strict-all-c10,13,1790444362968513695,915759966,1,
T-strict-all-c10,15,1790444363217971910,802844156,1,
T-strict-all-c10,14,1790444363185930789,864683659,1,
T-strict-all-c10,18,1790444363409590512,720453637,1,
T-strict-all-c10,21,1790444363705783905,575233533,1,
T-strict-all-c10,16,1790444363306788986,1048382358,1,
T-strict-all-c10,17,1790444363402653379,978194006,1,
T-strict-all-c10,19,1790444363438117590,983799986,1,
T-strict-all-c10,24,1790444364020822839,514022911,1,
T-strict-all-c10,20,1790444363592457834,964445602,1,
T-strict-all-c10,23,1790444363884280164,831686442,1,
T-strict-all-c10,22,1790444363765845435,1020057169,1,
T-strict-all-c10,25,1790444364050622289,839339202,1,
T-strict-all-c10,27,1790444364281023662,657679025,1,
T-strict-all-c10,26,1790444364130051495,1078447701,1,
T-strict-all-c10,28,1790444364355177792,884357986,1,
T-strict-all-c10,30,1790444364421923677,820358313,1,
T-strict-all-c10,33,1790444364715972541,561832346,1,
T-strict-all-c10,32,1790444364556910168,842044757,1,
T-strict-all-c10,29,1790444364380854431,1023037398,1,
T-strict-all-c10,31,1790444364534851816,881047564,1,
T-strict-all-c10,34,1790444364785909294,647523525,1,
T-strict-all-c10,36,1790444364938710174,504220530,1,
T-strict-all-c10,38,1790444365239542368,502143832,1,
T-strict-all-c10,35,1790444364889967724,898731897,1,
T-strict-all-c10,39,1790444365242285734,630545069,1,
T-strict-all-c10,37,1790444365208506075,931753499,1,
T-strict-all-c10,40,1790444365277810917,952920397,1,
T-strict-all-c10,41,1790444365398973859,893816198,1,
T-strict-all-c10,42,1790444365403898397,924690654,1,
T-strict-all-c10,43,1790444365415906082,929816589,1,
T-strict-all-c10,45,1790444365442936479,914134394,1,
T-strict-all-c10,44,1790444365433439115,926891826,1,
T-strict-all-c10,47,1790444365788706615,608096129,1,
T-strict-all-c10,48,1790444365872849671,535041852,1,
T-strict-all-c10,46,1790444365741694405,705163206,1,
T-strict-all-c10,49,1790444366140267370,638254061,1,
T-strict-all-c10,51,1790444366292807523,567897184,1,
T-strict-all-c10,52,1790444366328595686,593170329,1,
T-strict-all-c10,50,1790444366230739551,1010211335,1,
T-strict-all-c10,54,1790444366357089731,938524928,1,
T-strict-all-c10,55,1790444366360335172,969596054,1,
T-strict-all-c10,60,1790444366860711931,514899497,1,
T-strict-all-c10,53,1790444366345729366,1030075716,1,
T-strict-all-c10,57,1790444366407897540,967961148,1,
T-strict-all-c10,56,1790444366396809588,1053114527,1,
T-strict-all-c10,58,1790444366446865181,1029690979,1,
T-strict-all-c10,61,1790444366921772238,585068772,1,
T-strict-all-c10,59,1790444366778528243,755571409,1,
T-strict-all-c10,62,1790444367240957898,589779058,1,
T-strict-all-c10,63,1790444367295621707,664433549,1,
T-strict-all-c10,67,1790444367375860392,683908653,1,
T-strict-all-c10,64,1790444367329938872,786772368,1,
T-strict-all-c10,70,1790444367506848269,941543409,1,
T-strict-all-c10,66,1790444367375806922,1073039448,1,
T-strict-all-c10,72,1790444367830744649,721682057,1,
T-strict-all-c10,69,1790444367476562940,1076241978,1,
T-strict-all-c10,65,1790444367375617701,1207318786,1,
T-strict-all-c10,71,1790444367534106269,1048998162,1,
T-strict-all-c10,73,1790444367960070532,676739525,1,
T-strict-all-c10,74,1790444368059775939,577201283,1,
T-strict-all-c10,68,1790444367449930989,1187102550,1,
T-strict-all-c10,75,1790444368116730859,632250046,1,
T-strict-all-c10,77,1790444368448850804,395504031,1,
T-strict-all-c10,76,1790444368448398158,580588019,1,
T-strict-all-c10,79,1790444368552823744,770097158,1,
T-strict-all-c10,81,1790444368583106301,763859781,1,
T-strict-all-c10,78,1790444368552433014,832473098,1,
T-strict-all-c10,82,1790444368636816999,841139215,1,
T-strict-all-c10,84,1790444368637035603,1182587351,1,
T-strict-all-c10,89,1790444369346973138,494644877,1,
T-strict-all-c10,86,1790444368844361179,997625279,1,
T-strict-all-c10,83,1790444368636978914,1278928791,1,
T-strict-all-c10,85,1790444368748987358,1207159175,1,
T-strict-all-c10,80,1790444368582943223,1425361165,1,
T-strict-all-c10,87,1790444369029005143,1034303219,1,
T-strict-all-c10,88,1790444369322928600,755843126,1,
T-strict-all-c10,92,1790444369819629528,346382636,1,
T-strict-all-c10,91,1790444369477975616,712937482,1,
T-strict-all-c10,90,1790444369384912569,886166765,1,
T-strict-all-c10,93,1790444369841633496,603521339,1,
T-strict-all-c10,95,1790444369915914786,547532154,1,
T-strict-all-c10,98,1790444370063315347,775587050,1,
T-strict-all-c10,94,1790444369841988981,1067946837,1,
T-strict-all-c10,96,1790444369956154874,996803739,1,
T-strict-all-c10,100,1790444370166019775,801070631,1,
T-strict-all-c10,99,1790444370078779168,914159487,1,
T-strict-all-c10,97,1790444370008311047,1042610161,1,
T-strict-all-c10,104,1790444370463453518,597218481,1,
T-strict-all-c10,101,1790444370190920752,869922364,1,
T-strict-all-c10,102,1790444370271085933,828717418,1,
T-strict-all-c10,103,1790444370445161071,784786767,1,
T-strict-all-c10,108,1790444370967096579,623823559,1,
T-strict-all-c10,107,1790444370952964868,837990188,1,
T-strict-all-c10,106,1790444370909944105,895469221,1,
T-strict-all-c10,109,1790444370992956431,873786044,1,
T-strict-all-c10,105,1790444370838909705,1063119827,1,
T-strict-all-c10,110,1790444371050927958,911731379,1,
T-strict-all-c10,113,1790444371099810130,865404456,1,
T-strict-all-c10,111,1790444371060679965,1002267055,1,
T-strict-all-c10,112,1790444371060846581,1086891268,1,
T-strict-all-c10,114,1790444371229967331,999892680,1,
T-strict-all-c10,116,1790444371790961487,652522546,1,
T-strict-all-c10,115,1790444371590926424,907647580,1,
T-strict-all-c10,119,1790444371902037179,727533036,1,
T-strict-all-c10,118,1790444371866749065,830538767,1,
T-strict-all-c10,117,1790444371805419964,898078795,1,
T-strict-all-c10,122,1790444372062953717,818606500,1,
T-strict-all-c10,121,1790444371965218946,955601321,1,
T-strict-all-c10,124,1790444372229866679,734826786,1,
T-strict-all-c10,125,1790444372443491946,616441941,1,
T-strict-all-c10,120,1790444371962666733,1107224270,1,
T-strict-all-c10,123,1790444372147745129,960205740,1,
T-strict-all-c10,127,1790444372629576873,843846265,1,
T-strict-all-c10,128,1790444372697295338,906446634,1,
T-strict-all-c10,130,1790444372881567590,748353550,1,
T-strict-all-c10,126,1790444372498581675,1144992072,1,
T-strict-all-c10,129,1790444372703504579,945115405,1,
T-strict-all-c10,131,1790444372920827651,798458075,1,
T-strict-all-c10,134,1790444373069896672,674223851,1,
T-strict-all-c10,133,1790444373059940674,923558853,1,
T-strict-all-c10,135,1790444373107957762,973455603,1,
T-strict-all-c10,136,1790444373473430516,647423121,1,
T-strict-all-c10,132,1790444372964700875,1212929815,1,
T-strict-all-c10,137,1790444373603749601,709069223,1,
T-strict-all-c10,139,1790444373643580726,855299334,1,
T-strict-all-c10,140,1790444373648625395,956528950,1,
T-strict-all-c10,138,1790444373629929059,990588832,1,
T-strict-all-c10,142,1790444373744127533,982627819,1,
T-strict-all-c10,143,1790444373983507114,823942737,1,
T-strict-all-c10,145,1790444374120859806,795102629,1,
T-strict-all-c10,146,1790444374177651316,774595628,1,
T-strict-all-c10,148,1790444374498887468,475777497,1,
T-strict-all-c10,141,1790444373719292970,1366283722,1,
T-strict-all-c10,144,1790444374081419549,1004321188,1,
T-strict-all-c10,147,1790444374312825458,880155954,1,
T-strict-all-c10,149,1790444374605161654,590344882,1,
T-strict-all-c10,151,1790444374726762910,752056511,1,
T-strict-all-c10,150,1790444374620524752,1018408590,1,
T-strict-all-c10,154,1790444374952253639,760283159,1,
T-strict-all-c10,157,1790444375085743020,626948654,1,
T-strict-all-c10,152,1790444374807457272,905308107,1,
T-strict-all-c10,155,1790444374974671333,834345028,1,
T-strict-all-c10,158,1790444375192988354,645595894,1,
T-strict-all-c10,153,1790444374915969416,931116552,1,
T-strict-all-c10,156,1790444375085583395,885628765,1,
T-strict-all-c10,159,1790444375195510161,775898000,1,
T-strict-all-c10,160,1790444375478826526,722102325,1,
T-strict-all-c10,164,1790444375712766840,808124538,1,
T-strict-all-c10,161,1790444375638940156,890138817,1,
T-strict-all-c10,166,1790444375838591563,740288006,1,
T-strict-all-c10,162,1790444375712542914,896403470,1,
T-strict-all-c10,169,1790444375971410663,648453093,1,
T-strict-all-c10,167,1790444375847091358,857856953,1,
T-strict-all-c10,165,1790444375809023073,1038889749,1,
T-strict-all-c10,163,1790444375712693340,1135374040,1,
T-strict-all-c10,168,1790444375971220101,965707036,1,
T-strict-all-c10,172,1790444376529085284,589831804,1,
T-strict-all-c10,170,1790444376200935655,920932826,1,
T-strict-all-c10,175,1790444376619869857,670187583,1,
T-strict-all-c10,173,1790444376578886541,732070134,1,
T-strict-all-c10,178,1790444376848069157,729745012,1,
T-strict-all-c10,171,1790444376520897483,1065986551,1,
T-strict-all-c10,181,1790444377121872634,525796123,1,
T-strict-all-c10,176,1790444376704954678,1036020385,1,
T-strict-all-c10,174,1790444376608952960,1165831927,1,
T-strict-all-c10,179,1790444376936933905,999938310,1,
T-strict-all-c10,184,1790444377577820431,474603020,1,
T-strict-all-c10,182,1790444377290063334,794643033,1,
T-strict-all-c10,187,1790444377740981470,369387720,1,
T-strict-all-c10,190,1790444378052429998,298331250,1,
T-strict-all-c10,177,1790444376847919831,1520852910,1,
T-strict-all-c10,185,1790444377586890008,797934269,1,
T-strict-all-c10,180,1790444377118934098,1307927729,1,
T-strict-all-c10,188,1790444377774791898,790241490,1,
T-strict-all-c10,191,1790444378084712300,703515661,1,
T-strict-all-c10,183,1790444377310962769,1514068662,1,
T-strict-all-c10,186,1790444377647675236,1177528893,1,
T-strict-all-c10,196,1790444378426869258,461093919,1,
T-strict-all-c10,193,1790444378350767065,537366517,1,
T-strict-all-c10,189,1790444377936878275,1095526707,1,
T-strict-all-c10,197,1790444378565040030,550907566,1,
T-strict-all-c10,192,1790444378110375652,1093313708,1,
T-strict-all-c10,194,1790444378368779919,882844067,1,
T-strict-all-c10,195,1790444378384831420,1135081931,1,
T-strict-all-c10,199,1790444378825038280,697815679,1,
T-strict-all-c10,201,1790444378887969684,718888868,1,
T-strict-all-c10,200,1790444378825205962,980464759,1,
T-strict-all-c10,203,1790444379032412208,805505708,1,
T-strict-all-c10,205,1790444379203696219,678544708,1,
T-strict-all-c10,206,1790444379251649564,692487453,1,
T-strict-all-c10,198,1790444378788246550,1188771865,1,
T-strict-all-c10,202,1790444378888135719,1117052138,1,
T-strict-all-c10,207,1790444379519919712,551007618,1,
T-strict-all-c10,204,1790444379115954359,979324502,1,
T-strict-all-c10,209,1790444379606866534,666790185,1,
T-strict-all-c10,211,1790444379837924435,678916156,1,
T-strict-all-c10,208,1790444379522858535,995986399,1,
T-strict-all-c10,214,1790444379977037476,714787395,1,
T-strict-all-c10,212,1790444379882259108,908738380,1,
T-strict-all-c10,215,1790444380005195475,792597367,1,
T-strict-all-c10,210,1790444379805676802,1063137071,1,
T-strict-all-c10,218,1790444380273664234,683347460,1,
T-strict-all-c10,213,1790444379944144028,1058225675,1,
T-strict-all-c10,217,1790444380095285979,970807176,1,
T-strict-all-c10,216,1790444380070934547,1044949686,1,
T-strict-all-c10,220,1790444380518849882,748727052,1,
T-strict-all-c10,221,1790444380691831621,668854918,1,
T-strict-all-c10,224,1790444380868820950,576986823,1,
T-strict-all-c10,219,1790444380516846909,1088194805,1,
T-strict-all-c10,227,1790444381066099912,602111724,1,
T-strict-all-c10,230,1790444381360693523,357504700,1,
T-strict-all-c10,226,1790444381002376516,738734247,1,
T-strict-all-c10,223,1790444380797799068,1003095060,1,
T-strict-all-c10,233,1790444381668219079,351574284,1,
T-strict-all-c10,225,1790444380957018900,1076001696,1,
T-strict-all-c10,222,1790444380791004252,1276726539,1,
T-strict-all-c10,229,1790444381267583745,817892003,1,
T-strict-all-c10,236,1790444381800900247,532966705,1,
T-strict-all-c10,228,1790444381115891817,1269364962,1,
T-strict-all-c10,232,1790444381605048898,994740490,1,
T-strict-all-c10,239,1790444382067737257,537402463,1,
T-strict-all-c10,235,1790444381741118152,875191129,1,
T-strict-all-c10,231,1790444381445823807,1314209021,1,
T-strict-all-c10,242,1790444382385277451,389451553,1,
T-strict-all-c10,238,1790444382033026920,836393585,1,
T-strict-all-c10,245,1790444382616313617,367434001,1,
T-strict-all-c10,234,1790444381718204602,1307829752,1,
T-strict-all-c10,241,1790444382333873897,783908867,1,
T-strict-all-c10,248,1790444382869427362,430582112,1,
T-strict-all-c10,237,1790444382019799679,1346121611,1,
T-strict-all-c10,244,1790444382605154471,791679496,1,
T-strict-all-c10,240,1790444382085481925,1389670747,1,
T-strict-all-c10,251,1790444383117789617,373926958,1,
T-strict-all-c10,247,1790444382774735413,824001978,1,
T-strict-all-c10,243,1790444382599796447,1110231566,1,
T-strict-all-c10,250,1790444383026041110,732904595,1,
T-strict-all-c10,249,1790444382983754771,805150555,1,
T-strict-all-c10,246,1790444382760039123,1101904594,1,
T-strict-all-c10,254,1790444383396841385,477021822,1,
T-strict-all-c10,253,1790444383365928488,887200998,1,
T-strict-all-c10,257,1790444383598744476,676544187,1,
T-strict-all-c10,256,1790444383493660417,868318569,1,
T-strict-all-c10,252,1790444383300018035,1087289884,1,
T-strict-all-c10,260,1790444383788912254,644779412,1,
T-strict-all-c10,262,1790444383873882639,792772774,1,
T-strict-all-c10,259,1790444383758964986,916451353,1,
T-strict-all-c10,263,1790444384253136608,448642900,1,
T-strict-all-c10,258,1790444383710034759,1064157588,1,
T-strict-all-c10,255,1790444383475159205,1299657409,1,
T-strict-all-c10,266,1790444384387326731,452458006,1,
T-strict-all-c10,265,1790444384361985798,499546550,1,
T-strict-all-c10,261,1790444383861950586,1134810789,1,
T-strict-all-c10,269,1790444384675422870,429716211,1,
T-strict-all-c10,272,1790444384774820269,579995522,1,
T-strict-all-c10,268,1790444384666662344,707951070,1,
T-strict-all-c10,264,1790444384275295547,1142447557,1,
T-strict-all-c10,267,1790444384433698335,1030366580,1,
T-strict-all-c10,275,1790444384996767652,776146528,1,
T-strict-all-c10,278,1790444385374620515,424217509,1,
T-strict-all-c10,271,1790444384774203668,1041316718,1,
T-strict-all-c10,274,1790444384861538510,1030295679,1,
T-strict-all-c10,281,1790444385772921119,358667032,1,
T-strict-all-c10,284,1790444385891852787,289766331,1,
T-strict-all-c10,270,1790444384701786791,1522537914,1,
T-strict-all-c10,283,1790444385815527395,508464864,1,
T-strict-all-c10,280,1790444385464071659,860085023,1,
T-strict-all-c10,273,1790444384839791589,1505629635,1,
T-strict-all-c10,277,1790444385354822374,997546952,1,
T-strict-all-c10,276,1790444385105145669,1262041234,1,
T-strict-all-c10,279,1790444385417749924,1071045579,1,
T-strict-all-c10,287,1790444386224331823,399356139,1,
T-strict-all-c10,282,1790444385798845097,983712229,1,
T-strict-all-c10,290,1790444386345428071,618136119,1,
T-strict-all-c10,286,1790444386181625627,786088643,1,
T-strict-all-c10,285,1790444386131594699,860145522,1,
T-strict-all-c10,289,1790444386324158585,897113862,1,
T-strict-all-c10,293,1790444386488802509,742547841,1,
T-strict-all-c10,292,1790444386367192037,908059183,1,
T-strict-all-c10,291,1790444386352374594,1140446967,1,
T-strict-all-c10,296,1790444386963571000,553122537,1,
T-strict-all-c10,299,1790444387221279513,421719079,1,
T-strict-all-c10,288,1790444386323998771,1355900609,1,
T-strict-all-c10,298,1790444386991748880,704002536,1,
T-strict-all-c10,295,1790444386782564553,958851348,1,
T-strict-all-c10,294,1790444386623695725,1359280316,1,
T-strict-all-c10,302,1790444387492828370,539386586,1,
T-strict-all-c10,301,1790444387275258945,943563248,1,
T-strict-all-c10,297,1790444386967733702,1274885389,1,
T-strict-all-c10,305,1790444387679906949,576129455,1,
T-strict-all-c10,304,1790444387643005627,684574397,1,
T-strict-all-c10,300,1790444387231359882,1114214462,1,
T-strict-all-c10,308,1790444387982983284,370202026,1,
T-strict-all-c10,307,1790444387741422472,643234592,1,
T-strict-all-c10,303,1790444387516699907,1058088775,1,
T-strict-all-c10,306,1790444387695758497,995975840,1,
T-strict-all-c10,311,1790444388242625827,527967565,1,
T-strict-all-c10,314,1790444388345580859,692122448,1,
T-strict-all-c10,310,1790444388218841568,854759316,1,
T-strict-all-c10,317,1790444388574795587,641476758,1,
T-strict-all-c10,309,1790444388032222071,1207376226,1,
T-strict-all-c10,313,1790444388327586428,937530291,1,
T-strict-all-c10,316,1790444388384664893,1035951890,1,
T-strict-all-c10,319,1790444388770600296,695365850,1,
T-strict-all-c10,312,1790444388256054528,1310891539,1,
T-strict-all-c10,320,1790444389037709965,646208727,1,
T-strict-all-c10,315,1790444388353191023,1399695428,1,
T-strict-all-c10,322,1790444389216291847,562480246,1,
T-strict-all-c10,318,1790444388691741740,1129423802,1,
T-strict-all-c10,323,1790444389239604644,620748318,1,
T-strict-all-c10,321,1790444389073607217,857223178,1,
T-strict-all-c10,326,1790444389465986113,601971421,1,
T-strict-all-c10,325,1790444389420623750,657788476,1,
T-strict-all-c10,329,1790444389752893089,683619135,1,
T-strict-all-c10,328,1790444389683925784,758373445,1,
T-strict-all-c10,324,1790444389265123166,1234604193,1,
T-strict-all-c10,332,1790444389860359525,647090370,1,
T-strict-all-c10,335,1790444390078419966,460499834,1,
T-strict-all-c10,327,1790444389566952817,1044746330,1,
T-strict-all-c10,331,1790444389821172593,805339472,1,
T-strict-all-c10,334,1790444390067964117,587911076,1,
T-strict-all-c10,330,1790444389778779388,1023973069,1,
T-strict-all-c10,338,1790444390499734394,344307600,1,
T-strict-all-c10,333,1790444389930837495,956007484,1,
T-strict-all-c10,337,1790444390442303967,860067121,1,
T-strict-all-c10,341,1790444390611706304,746099334,1,
T-strict-all-c10,336,1790444390436518872,1039416312,1,
T-strict-all-c10,340,1790444390538926290,965541931,1,
T-strict-all-c10,344,1790444390802760610,704868332,1,
T-strict-all-c10,339,1790444390507455022,1095372761,1,
T-strict-all-c10,343,1790444390655881381,961062623,1,
T-strict-all-c10,345,1790444390844049772,839459493,1,
T-strict-all-c10,342,1790444390626518503,1057140646,1,
T-strict-all-c10,346,1790444390886852305,813086323,1,
T-strict-all-c10,348,1790444391357812346,458314023,1,
T-strict-all-c10,347,1790444391302379124,520058942,1,
T-strict-all-c10,350,1790444391504475833,515178304,1,
T-strict-all-c10,349,1790444391475942385,652282076,1,
T-strict-all-c10,351,1790444391507633120,675183656,1,
T-strict-all-c10,353,1790444391616950781,839766340,1,
T-strict-all-c10,352,1790444391602834591,1109349595,1,
T-strict-all-c10,354,1790444391683516113,1034851896,1,
T-strict-all-c10,357,1790444391816133475,911764957,1,
T-strict-all-c10,360,1790444392128231723,656833262,1,
T-strict-all-c10,356,1790444391699944660,1251962460,1,
T-strict-all-c10,355,1790444391683661853,1364041886,1,
T-strict-all-c10,359,1790444392019660833,1048605200,1,
T-strict-all-c10,358,1790444391822443705,1267949744,1,
T-strict-all-c10,362,1790444392456724484,682162277,1,
T-strict-all-c10,363,1790444392712191221,520740852,1,
T-strict-all-c10,366,1790444392785071469,464281493,1,
T-strict-all-c10,365,1790444392727903991,725950375,1,
T-strict-all-c10,361,1790444392182823660,1309745209,1,
T-strict-all-c10,369,1790444393068272859,639656396,1,
T-strict-all-c10,364,1790444392718374252,1083569897,1,
T-strict-all-c10,368,1790444393047710339,855097654,1,
T-strict-all-c10,372,1790444393232939896,703613096,1,
T-strict-all-c10,371,1790444393138893417,801518091,1,
T-strict-all-c10,367,1790444392951913719,1000582355,1,
T-strict-all-c10,370,1790444393090401197,910115199,1,
T-strict-all-c10,375,1790444393492575807,558650869,1,
T-strict-all-c10,373,1790444393249358966,839527822,1,
T-strict-all-c10,374,1790444393453860775,886043547,1,
T-strict-all-c10,376,1790444393707935829,764901070,1,
T-strict-all-c10,377,1790444393801950680,890936572,1,
T-strict-all-c10,378,1790444393902815368,863103080,1,
T-strict-all-c10,379,1790444393936559744,896204464,1,
T-strict-all-c10,381,1790444393952501469,883328910,1,
T-strict-all-c10,380,1790444393940417032,907886839,1,
T-strict-all-c10,384,1790444394088893087,787965596,1,
T-strict-all-c10,382,1790444394000523686,941944259,1,
T-strict-all-c10,385,1790444394339911156,667991867,1,
T-strict-all-c10,383,1790444394051233029,1016623619,1,
T-strict-all-c10,386,1790444394472844072,624709801,1,
T-strict-all-c10,387,1790444394692894285,681786440,1,
T-strict-all-c10,389,1790444394832771805,716086211,1,
T-strict-all-c10,390,1790444394835834885,752018718,1,
T-strict-all-c10,388,1790444394765925081,895879052,1,
T-strict-all-c10,391,1790444394848309357,987445598,1,
T-strict-all-c10,393,1790444394942475033,935550144,1,
T-strict-all-c10,394,1790444395007910412,892149974,1,
T-strict-all-c10,392,1790444394876865507,1051020335,1,
T-strict-all-c10,396,1790444395097560633,967797394,1,
T-strict-all-c10,395,1790444395067863168,1143175607,1,
T-strict-all-c10,397,1790444395374687941,838844155,1,
T-strict-all-c10,399,1790444395587860799,667264622,1,
T-strict-all-c10,398,1790444395548864758,815763662,1,
T-strict-all-c10,400,1790444395661811438,826506951,1,
T-strict-all-c10,403,1790444395900067036,845857258,1,
T-strict-all-c10,402,1790444395878032333,899700026,1,
T-strict-all-c10,401,1790444395835761593,947723900,1,
T-strict-all-c10,405,1790444396065365084,763953801,1,
T-strict-all-c10,406,1790444396211045659,686734180,1,
T-strict-all-c10,409,1790444396364635298,587057512,1,
T-strict-all-c10,408,1790444396255131961,732620151,1,
T-strict-all-c10,407,1790444396213536521,788225021,1,
T-strict-all-c10,404,1790444395927893357,1121939345,1,
T-strict-all-c10,410,1790444396488325090,736487764,1,
T-strict-all-c10,412,1790444396777740221,682442604,1,
T-strict-all-c10,413,1790444396783490886,740457833,1,
T-strict-all-c10,411,1790444396745931338,847332452,1,
T-strict-all-c10,415,1790444396897786734,752018995,1,
T-strict-all-c10,418,1790444397001768117,660320976,1,
T-strict-all-c10,414,1790444396829325002,1023497229,1,
T-strict-all-c10,416,1790444396951699758,985363152,1,
T-strict-all-c10,419,1790444397049838842,996982451,1,
T-strict-all-c10,417,1790444396987758698,1223644252,1,
T-strict-all-c10,421,1790444397460189021,768625869,1,
T-strict-all-c10,424,1790444397649812337,704464021,1,
T-strict-all-c10,420,1790444397224819705,1135576785,1,
T-strict-all-c10,422,1790444397523955399,967426280,1,
T-strict-all-c10,427,1790444397937069846,583786885,1,
T-strict-all-c10,423,1790444397593270745,1157521387,1,
T-strict-all-c10,425,1790444397662095351,1130619800,1,
T-strict-all-c10,430,1790444398228821835,567813599,1,
T-strict-all-c10,426,1790444397852842545,953666277,1,
T-strict-all-c10,433,1790444398491388962,417585461,1,
T-strict-all-c10,428,1790444398046827628,873787546,1,
T-strict-all-c10,429,1790444398211410166,818297943,1,
T-strict-all-c10,431,1790444398354283548,990907577,1,
T-strict-all-c10,436,1790444398792722647,640137729,1,
T-strict-all-c10,432,1790444398360402614,1130559828,1,
T-strict-all-c10,434,1790444398520863842,1048673134,1,
T-strict-all-c10,439,1790444398908981193,688072011,1,
T-strict-all-c10,435,1790444398750798805,856978032,1,
T-strict-all-c10,438,1790444398806515123,884843959,1,
T-strict-all-c10,437,1790444398796650134,971157132,1,
T-strict-all-c10,442,1790444399345198472,514626377,1,
T-strict-all-c10,441,1790444399029725255,957148045,1,
T-strict-all-c10,440,1790444398920622388,1075904623,1,
T-strict-all-c10,443,1790444399432866824,696195886,1,
T-strict-all-c10,445,1790444399569543676,764455769,1,
T-strict-all-c10,448,1790444399691365572,720630687,1,
T-strict-all-c10,446,1790444399597059792,839894738,1,
T-strict-all-c10,451,1790444399986880345,512081813,1,
T-strict-all-c10,444,1790444399490969409,1091049327,1,
T-strict-all-c10,449,1790444399767815116,929157028,1,
T-strict-all-c10,447,1790444399607783222,1201293497,1,
T-strict-all-c10,450,1790444399859830957,949414226,1,
T-strict-all-c10,453,1790444400129069290,756852741,1,
T-strict-all-c10,454,1790444400334006233,579028648,1,
T-strict-all-c10,452,1790444399996533244,934338721,1,
T-strict-all-c10,457,1790444400498968712,555971073,1,
T-strict-all-c10,455,1790444400412003166,794885719,1,
T-strict-all-c10,456,1790444400436961540,970759819,1,
T-strict-all-c10,459,1790444400696978878,778019274,1,
T-strict-all-c10,461,1790444400809247476,694719513,1,
T-strict-all-c10,463,1790444400913041141,642864693,1,
T-strict-all-c10,458,1790444400582026019,990748180,1,
T-strict-all-c10,466,1790444401206903946,723942000,1,
T-strict-all-c10,469,1790444401503973413,445658550,1,
T-strict-all-c10,460,1790444400809083681,1151791227,1,
T-strict-all-c10,464,1790444400930879267,1083982228,1,
T-strict-all-c10,462,1790444400885928690,1176918345,1,
T-strict-all-c10,465,1790444401054946084,1031940215,1,
T-strict-all-c10,467,1790444401407728284,900966465,1,
T-strict-all-c10,472,1790444401930853107,448994535,1,
T-strict-all-c10,470,1790444401555912826,855939115,1,
T-strict-all-c10,468,1790444401475004924,1083100710,1,
T-strict-all-c10,475,1790444402014867886,579894492,1,
T-strict-all-c10,471,1790444401572780767,1135795524,1,
T-strict-all-c10,478,1790444402308701507,519402671,1,
T-strict-all-c10,474,1790444401960880740,899331853,1,
T-strict-all-c10,473,1790444401949646905,963366255,1,
T-strict-all-c10,477,1790444402086892509,869082191,1,
T-strict-all-c10,476,1790444402062853662,910183433,1,
T-strict-all-c10,481,1790444402558111912,424474656,1,
T-strict-all-c10,479,1790444402379854201,829142755,1,
T-strict-all-c10,484,1790444402828110246,664029176,1,
T-strict-all-c10,482,1790444402594769400,897544804,1,
T-strict-all-c10,487,1790444402955981240,611800935,1,
T-strict-all-c10,480,1790444402411858613,1199433178,1,
T-strict-all-c10,483,1790444402708583703,911550886,1,
T-strict-all-c10,485,1790444402860219098,820455766,1,
T-strict-all-c10,490,1790444403209003506,491993539,1,
T-strict-all-c10,488,1790444402973043531,758238835,1,
T-strict-all-c10,486,1790444402913019858,824842177,1,
T-strict-all-c10,489,1790444402982592640,934196395,1,
T-strict-all-c10,491,1790444403492146199,565448754,1,
T-strict-all-c10,492,1790444403492316358,578694745,1,
T-strict-all-c10,493,1790444403567789170,550999243,1,
T-strict-all-c10,494,1790444403611298785,874109602,1,
T-strict-all-c10,496,1790444403680682195,920277847,1,
T-strict-all-c10,499,1790444403737866249,955543813,1,
T-strict-all-c10,495,1790444403620140883,1135982884,1,
T-strict-all-c10,497,1790444403701003286,1137920587,1,
T-strict-all-c10,500,1790444403916796188,949160097,1,
T-strict-all-c10,502,1790444404071017361,833900809,1,
T-strict-all-c10,498,1790444403731288901,1183512810,1,
T-strict-all-c10,503,1790444404118795148,818776860,1,
T-strict-all-c10,505,1790444404600966614,429957672,1,
T-strict-all-c10,501,1790444404057601739,1053247310,1,
T-strict-all-c10,504,1790444404485415385,744492682,1,
T-strict-all-c10,506,1790444404693417998,569417887,1,
T-strict-all-c10,507,1790444404756130224,746134908,1,
T-strict-all-c10,509,1790444404865963335,754869267,1,
T-strict-all-c10,508,1790444404838930387,944585971,1,
T-strict-all-c10,512,1790444404937578478,924229592,1,
T-strict-all-c10,511,1790444404914808985,1057081819,1,
T-strict-all-c10,510,1790444404904925090,1100964471,1,
T-strict-all-c10,514,1790444405110856547,970048479,1,
T-strict-all-c10,515,1790444405229914511,904038593,1,
T-strict-all-c10,513,1790444405030930563,1111610224,1,
T-strict-all-c10,516,1790444405262842936,933096394,1,
T-strict-all-c10,518,1790444405620840028,587836586,1,
T-strict-all-c10,517,1790444405502271946,783529255,1,
T-strict-all-c10,520,1790444405861814999,562611093,1,
T-strict-all-c10,519,1790444405783522871,746750755,1,
T-strict-all-c10,522,1790444406005897224,719843217,1,
T-strict-all-c10,521,1790444405971897465,820029117,1,
T-strict-all-c10,523,1790444406080912025,880041187,1,
T-strict-all-c10,525,1790444406142546741,943286250,1,
T-strict-all-c10,527,1790444406208684038,929013104,1,
T-strict-all-c10,524,1790444406133959279,1017847805,1,
T-strict-all-c10,530,1790444406530280631,717558726,1,
T-strict-all-c10,528,1790444406285808492,985563504,1,
T-strict-all-c10,529,1790444406424433555,881399236,1,
T-strict-all-c10,531,1790444406725746855,616983702,1,
T-strict-all-c10,526,1790444406195945979,1165497172,1,
T-strict-all-c10,532,1790444406791933244,636405032,1,
T-strict-all-c10,533,1790444406960960114,561824050,1,
T-strict-all-c10,536,1790444407151814416,641130391,1,
T-strict-all-c10,535,1790444407137703804,697227779,1,
T-strict-all-c10,539,1790444407305839960,761658481,1,
T-strict-all-c10,534,1790444407085840871,1041564145,1,
T-strict-all-c10,538,1790444407271378894,894611382,1,
T-strict-all-c10,542,1790444407428344728,779263092,1,
T-strict-all-c10,537,1790444407247845821,995033512,1,
T-strict-all-c10,545,1790444407834937864,475962604,1,
T-strict-all-c10,541,1790444407361450534,974495414,1,
T-strict-all-c10,544,1790444407792951332,706274666,1,
T-strict-all-c10,540,1790444407342737889,1235109258,1,
T-strict-all-c10,548,1790444408165998567,464932440,1,
T-strict-all-c10,543,1790444407522790574,1191047613,1,
T-strict-all-c10,546,1790444408067505655,815329542,1,
T-strict-all-c10,547,1790444408127412436,832269710,1,
T-strict-all-c10,551,1790444408310907387,684090262,1,
T-strict-all-c10,554,1790444408577854164,649100408,1,
T-strict-all-c10,550,1790444408242887007,1148788157,1,
T-strict-all-c10,553,1790444408499232284,960543179,1,
T-strict-all-c10,557,1790444408882843887,582590261,1,
T-strict-all-c10,560,1790444409226961234,287953416,1,
T-strict-all-c10,556,1790444408713844723,817930743,1,
T-strict-all-c10,552,1790444408335952644,1212800787,1,
T-strict-all-c10,549,1790444408207614809,1426101164,1,
T-strict-all-c10,559,1790444408995004762,689901662,1,
T-strict-all-c10,555,1790444408630938525,1084952893,1,
T-strict-all-c10,563,1790444409465439551,366224349,1,
T-strict-all-c10,558,1790444408959689491,943373183,1,
T-strict-all-c10,562,1790444409459782265,717251210,1,
T-strict-all-c10,565,1790444409531782504,718316193,1,
T-strict-all-c10,561,1790444409391682097,967053077,1,
T-strict-all-c10,569,1790444409715911327,795352394,1,
T-strict-all-c10,566,1790444409548760516,1019084067,1,
T-strict-all-c10,572,1790444410177040945,496151535,1,
T-strict-all-c10,564,1790444409514921310,1161059783,1,
T-strict-all-c10,568,1790444409684913054,1022317716,1,
T-strict-all-c10,575,1790444410511281281,356603927,1,
T-strict-all-c10,571,1790444409903069254,1061960994,1,
T-strict-all-c10,570,1790444409831670606,1293920388,1,
T-strict-all-c10,567,1790444409633723172,1513223214,1,
T-strict-all-c10,578,1790444410675985838,574942293,1,
T-strict-all-c10,573,1790444410250105392,1079739170,1,
T-strict-all-c10,576,1790444410567850430,810109578,1,
T-strict-all-c10,574,1790444410358743312,1021918712,1,
T-strict-all-c10,581,1790444410965036906,422827304,1,
T-strict-all-c10,579,1790444410707238164,878350860,1,
T-strict-all-c10,577,1790444410673199001,979389563,1,
T-strict-all-c10,580,1790444410867891989,841071129,1,
T-strict-all-c10,582,1790444411125597630,860637482,1,
T-strict-all-c10,583,1790444411146953042,854042260,1,
T-strict-all-c10,584,1790444411250935382,828528395,1,
T-strict-all-c10,587,1790444411380665836,770262820,1,
T-strict-all-c10,586,1790444411377966615,919189478,1,
T-strict-all-c10,585,1790444411329851279,1016118804,1,
T-strict-all-c10,590,1790444411652595267,758300095,1,
T-strict-all-c10,588,1790444411387868670,1093025596,1,
T-strict-all-c10,593,1790444412001002378,587330458,1,
T-strict-all-c10,589,1790444411585595473,1100259409,1,
T-strict-all-c10,591,1790444411708970292,1125571445,1,
T-strict-all-c10,596,1790444412297162621,621702376,1,
T-strict-all-c10,599,1790444412480900956,522728916,1,
T-strict-all-c10,592,1790444411986242210,1054441822,1,
T-strict-all-c10,594,1790444412079470477,1001285243,1,
T-strict-all-c10,597,1790444412345977580,734958908,1,
T-strict-all-c10,595,1790444412150935938,934894432,1,
T-strict-all-c10,598,1790444412410903168,820029752,1,
T-strict-all-c10,600,1790444412588339021,685197126,1,
T-strict-all-c10,602,1790444412834549446,480212073,1,
T-strict-all-c10,601,1790444412685861425,699167035,1,
T-strict-all-c10,605,1790444413040690336,608356050,1,
T-strict-all-c10,604,1790444413003636260,767444742,1,
T-strict-all-c10,608,1790444413085834824,864721915,1,
T-strict-all-c10,611,1790444413314768123,663962465,1,
T-strict-all-c10,606,1790444413080762581,908122230,1,
T-strict-all-c10,603,1790444412918871860,1073537087,1,
T-strict-all-c10,607,1790444413080939045,913661364,1,
T-strict-all-c10,609,1790444413230939988,777727861,1,
T-strict-all-c10,612,1790444413385034780,664151229,1,
T-strict-all-c10,614,1790444413771088744,319737362,1,
T-strict-all-c10,610,1790444413273544512,852359557,1,
T-strict-all-c10,613,1790444413649052875,557860557,1,
T-strict-all-c10,617,1790444413988889886,238803310,1,
T-strict-all-c10,620,1790444414008673612,658407070,1,
T-strict-all-c10,623,1790444414125910241,684899194,1,
T-strict-all-c10,618,1790444413992413346,890602667,1,
T-strict-all-c10,626,1790444414667087412,271633708,1,
T-strict-all-c10,616,1790444413978736430,960119216,1,
T-strict-all-c10,615,1790444413950562106,1015158272,1,
T-strict-all-c10,621,1790444414049192552,960901111,1,
T-strict-all-c10,619,1790444413994604736,1084087221,1,
T-strict-all-c10,625,1790444414227700206,855722461,1,
T-strict-all-c10,622,1790444414090831751,992705273,1,
T-strict-all-c10,624,1790444414206920088,977808000,1,
T-strict-all-c10,629,1790444414938726712,268849477,1,
T-strict-all-c10,627,1790444414810815673,508559587,1,
T-strict-all-c10,632,1790444415010099324,340610903,1,
T-strict-all-c10,631,1790444414965726101,539110740,1,
T-strict-all-c10,630,1790444414938857368,590065186,1,
T-strict-all-c10,633,1790444415078697910,522661171,1,
T-strict-all-c10,634,1790444415083426653,543163920,1,
T-strict-all-c10,628,1790444414883023197,750955998,1,
T-strict-all-c10,638,1790444415319380997,329847013,1,
T-strict-all-c10,635,1790444415083538230,761185981,1,
T-strict-all-c10,636,1790444415184733496,685129151,1,
T-strict-all-c10,641,1790444415528927725,343560958,1,
T-strict-all-c10,644,1790444415633983712,269779033,1,
T-strict-all-c10,637,1790444415207582282,744308111,1,
T-strict-all-c10,639,1790444415350717491,639113871,1,
T-strict-all-c10,640,1790444415504842608,485130697,1,
T-strict-all-c10,642,1790444415601364286,547427962,1,
T-strict-all-c10,647,1790444415869868270,306695481,1,
T-strict-all-c10,645,1790444415649234229,610416971,1,
T-strict-all-c10,650,1790444415951895715,312536131,1,
T-strict-all-c10,643,1790444415626596015,745103823,1,
T-strict-all-c10,648,1790444415872492517,508299859,1,
T-strict-all-c10,646,1790444415844729855,544758731,1,
T-strict-all-c10,652,1790444415989976258,440948927,1,
T-strict-all-c10,649,1790444415903767637,606017891,1,
T-strict-all-c10,653,1790444416148798012,465557543,1,
T-strict-all-c10,656,1790444416264436301,449250681,1,
T-strict-all-c10,654,1790444416176568865,635639261,1,
T-strict-all-c10,659,1790444416389492511,457027816,1,
T-strict-all-c10,651,1790444415989837221,859820596,1,
T-strict-all-c10,657,1790444416371705351,558194898,1,
T-strict-all-c10,660,1790444416430932227,499110705,1,
T-strict-all-c10,662,1790444416614361876,410492093,1,
T-strict-all-c10,658,1790444416380796524,758083301,1,
T-strict-all-c10,655,1790444416259657478,905201866,1,
T-strict-all-c10,663,1790444416713692365,469120908,1,
T-strict-all-c10,665,1790444416846526558,349992492,1,
T-strict-all-c10,666,1790444416849661625,391079369,1,
T-strict-all-c10,668,1790444416930044783,327908206,1,
T-strict-all-c10,661,1790444416509792832,933643092,1,
T-strict-all-c10,664,1790444416812213664,744271242,1,
T-strict-all-c10,671,1790444417164865027,401508496,1,
T-strict-all-c10,669,1790444417024858920,643625718,1,
T-strict-all-c10,667,1790444416929905628,744876980,1,
T-strict-all-c10,674,1790444417240746440,437988002,1,
T-strict-all-c10,672,1790444417182818865,513926190,1,
T-strict-all-c10,673,1790444417196524062,688323301,1,
T-strict-all-c10,677,1790444417556490700,380325225,1,
T-strict-all-c10,680,1790444417674786316,283674894,1,
T-strict-all-c10,670,1790444417138886108,871016453,1,
T-strict-all-c10,678,1790444417566378111,456060568,1,
T-strict-all-c10,675,1790444417257959084,805709084,1,
T-strict-all-c10,683,1790444417884852229,212896635,1,
T-strict-all-c10,681,1790444417678736934,462293577,1,
T-strict-all-c10,676,1790444417443443102,726491429,1,
T-strict-all-c10,679,1790444417668489929,643390986,1,
T-strict-all-c10,682,1790444417696749015,651184125,1,
T-strict-all-c10,686,1790444418009908906,346904285,1,
T-strict-all-c10,684,1790444417936821924,463717874,1,
T-strict-all-c10,687,1790444418022443604,485473594,1,
T-strict-all-c10,690,1790444418141035715,485950813,1,
T-strict-all-c10,689,1790444418097754841,565083866,1,
T-strict-all-c10,685,1790444417958466361,719750058,1,
T-strict-all-c10,693,1790444418347938841,416761439,1,
T-strict-all-c10,696,1790444418507922649,280819511,1,
T-strict-all-c10,695,1790444418400545109,422133128,1,
T-strict-all-c10,688,1790444418063673722,770288839,1,
T-strict-all-c10,692,1790444418311886968,564343286,1,
T-strict-all-c10,691,1790444418169940670,772842553,1,
T-strict-all-c10,699,1790444418678223282,387624402,1,
T-strict-all-c10,694,1790444418356817558,763928196,1,
T-strict-all-c10,698,1790444418662845468,805043514,1,
T-strict-all-c10,702,1790444418822684970,712249108,1,
T-strict-all-c10,701,1790444418788750243,780704047,1,
T-strict-all-c10,705,1790444418942790150,691733813,1,
T-strict-all-c10,697,1790444418626992901,1095961496,1,
T-strict-all-c10,704,1790444418876236211,981833028,1,
T-strict-all-c10,707,1790444419120752374,804399846,1,
T-strict-all-c10,700,1790444418764705619,1179401622,1,
T-strict-all-c10,711,1790444419634530071,341223166,1,
T-strict-all-c10,708,1790444419467897187,507995122,1,
T-strict-all-c10,710,1790444419569460942,462717485,1,
T-strict-all-c10,706,1790444419065854413,988490888,1,
T-strict-all-c10,703,1790444418833967745,1236327674,1,
T-strict-all-c10,713,1790444419858075026,350557072,1,
T-strict-all-c10,714,1790444419925157488,404823706,1,
T-strict-all-c10,717,1790444419975893902,365477127,1,
T-strict-all-c10,716,1790444419975758420,405902089,1,
T-strict-all-c10,720,1790444420070300763,342792303,1,
T-strict-all-c10,719,1790444420054350762,409569639,1,
T-strict-all-c10,712,1790444419722961077,778957029,1,
T-strict-all-c10,709,1790444419534940218,1020881723,1,
T-strict-all-c10,722,1790444420329986816,355963603,1,
T-strict-all-c10,723,1790444420341375886,393435807,1,
T-strict-all-c10,725,1790444420413098596,426905097,1,
T-strict-all-c10,726,1790444420463925568,382936691,1,
T-strict-all-c10,728,1790444420555828871,312998112,1,
T-strict-all-c10,731,1790444420840008889,103018937,1,
T-strict-all-c10,715,1790444419944112280,1011445321,1,
T-strict-all-c10,729,1790444420685956239,402014159,1,
T-strict-all-c10,721,1790444420208651623,907203990,1,
T-strict-all-c10,718,1790444420032183460,1121650362,1,
T-strict-all-c10,734,1790444420943032649,282470752,1,
T-strict-all-c10,732,1790444420846866404,389105320,1,
T-strict-all-c10,724,1790444420381665654,977029276,1,
T-strict-all-c10,737,1790444421115860670,267089844,1,
T-strict-all-c10,740,1790444421235976736,157334561,1,
T-strict-all-c10,735,1790444420955562472,476361380,1,
T-strict-all-c10,738,1790444421153838672,303166478,1,
T-strict-all-c10,741,1790444421358700479,250986044,1,
T-strict-all-c10,727,1790444420501923272,1109918735,1,
T-strict-all-c10,743,1790444421393316512,238601053,1,
T-strict-all-c10,730,1790444420734817183,927088182,1,
T-strict-all-c10,744,1790444421431929085,396722559,1,
T-strict-all-c10,749,1790444421661910606,209007421,1,
T-strict-all-c10,746,1790444421609692049,261419781,1,
T-strict-all-c10,747,1790444421611845582,342784842,1,
T-strict-all-c10,733,1790444420868832140,1125107390,1,
T-strict-all-c10,752,1790444421871113753,157788620,1,
T-strict-all-c10,750,1790444421828657315,281812470,1,
T-strict-all-c10,755,1790444422028908389,102837471,1,
T-strict-all-c10,753,1790444421954636744,231093977,1,
T-strict-all-c10,739,1790444421225508929,1077386757,1,
T-strict-all-c10,736,1790444421087976498,1303168324,1,
T-strict-all-c10,756,1790444422110475753,291130665,1,
T-strict-all-c10,758,1790444422185737328,226098752,1,
T-strict-all-c10,759,1790444422302901629,220684064,1,
T-strict-all-c10,745,1790444421457010623,1086584987,1,
T-strict-all-c10,762,1790444422411839845,144938092,1,
T-strict-all-c10,765,1790444422556782515,62703592,1,
T-strict-all-c10,742,1790444421382955543,1250823921,1,
T-strict-all-c10,761,1790444422401610931,257370399,1,
T-strict-all-c10,764,1790444422543601192,274835799,1,
T-strict-all-c10,767,1790444422633795153,234134719,1,
T-strict-all-c10,754,1790444421993944516,907012042,1,
T-strict-all-c10,748,1790444421631923524,1269158337,1,
T-strict-all-c10,768,1790444422658986601,274379745,1,
T-strict-all-c10,751,1790444421870923350,1137291305,1,
T-strict-all-c10,770,1790444422867935037,165199491,1,
T-strict-all-c10,771,1790444422900962388,177499267,1,
T-strict-all-c10,773,1790444422933372398,262466267,1,
T-strict-all-c10,774,1790444423008220019,311136761,1,
T-strict-all-c10,760,1790444422391150158,939630764,1,
T-strict-all-c10,776,1790444423078466711,448955924,1,
T-strict-all-c10,777,1790444423195845406,422461474,1,
T-strict-all-c10,779,1790444423330799623,336922858,1,
T-strict-all-c10,780,1790444423527429447,203933032,1,
T-strict-all-c10,782,1790444423667728313,71454641,1,
T-strict-all-c10,783,1790444423731368666,89090884,1,
T-strict-all-c10,757,1790444422131751008,1719778267,1,
T-strict-all-c10,766,1790444422619491291,1232190449,1,
T-strict-all-c10,769,1790444422818442000,1105889390,1,
T-strict-all-c10,775,1790444423033140335,935405609,1,
T-strict-all-c10,763,1790444422523591329,1454280782,1,
T-strict-all-c10,785,1790444423820464522,163058209,1,
T-strict-all-c10,786,1790444423851534580,249435711,1,
T-strict-all-c10,772,1790444422901083885,1335833283,1,
T-strict-all-c10,789,1790444423968552172,404349758,1,
T-strict-all-c10,788,1790444423924336614,626524134,1,
T-strict-all-c10,778,1790444423319363284,1275120691,1,
T-strict-all-c10,791,1790444423983528175,676176755,1,
T-strict-all-c10,792,1790444424100976753,583673528,1,
T-strict-all-c10,794,1790444424372908044,486835664,1,
T-strict-all-c10,797,1790444424659711035,213095886,1,
T-strict-all-c10,795,1790444424550867266,350031332,1,
T-strict-all-c10,798,1790444424684655857,244558120,1,
T-strict-all-c10,787,1790444423851683434,1126376131,1,
T-strict-all-c10,781,1790444423618311989,1389514457,1,
T-strict-all-c10,800,1790444424872812472,203407138,1,
T-strict-all-c10,801,1790444424900904055,241971525,1,
T-strict-all-c10,793,1790444424236923308,951141927,1,
T-strict-all-c10,790,1790444423977878989,1280994267,1,
T-strict-all-c10,784,1790444423739198726,1614671655,1,
T-strict-all-c10,803,1790444424978065797,401826421,1,
T-strict-all-c10,804,1790444425007831724,508014359,1,
T-strict-all-c10,806,1790444425142882817,449956334,1,
T-strict-all-c10,807,1790444425188072509,574735940,1,
T-strict-all-c10,809,1790444425353877083,415037677,1,
T-strict-all-c10,810,1790444425379898782,404057028,1,
T-strict-all-c10,812,1790444425592844537,256834565,1,
T-strict-all-c10,815,1790444425783960317,138819058,1,
T-strict-all-c10,813,1790444425762814577,176453345,1,
T-strict-all-c10,796,1790444424594490533,1384080326,1,
T-strict-all-c10,799,1790444424859749845,1118965240,1,
T-strict-all-c10,802,1790444424929221121,1149581551,1,
T-strict-all-c10,818,1790444425939272932,154680116,1,
T-strict-all-c10,816,1790444425849684102,307281568,1,
T-strict-all-c10,805,1790444425076225968,1165687851,1,
T-strict-all-c10,808,1790444425258879835,1008815666,1,
T-strict-all-c10,821,1790444426078808123,212196635,1,
T-strict-all-c10,811,1790444425515852792,831918589,1,
T-strict-all-c10,820,1790444425978716729,427786344,1,
T-strict-all-c10,822,1790444426093958785,399570133,1,
T-strict-all-c10,824,1790444426241920134,369559393,1,
T-strict-all-c10,827,1790444426347777336,265517642,1,
T-strict-all-c10,814,1790444425768918524,852716461,1,
T-strict-all-c10,825,1790444426267700749,364098207,1,
T-strict-all-c10,828,1790444426406508615,315903094,1,
T-strict-all-c10,830,1790444426611484818,186556237,1,
T-strict-all-c10,831,1790444426613298742,253360371,1,
T-strict-all-c10,817,1790444425922785276,959777536,1,
T-strict-all-c10,823,1790444426156970982,752494243,1,
T-strict-all-c10,819,1790444425978576119,962047075,1,
T-strict-all-c10,834,1790444426722417228,325805099,1,
T-strict-all-c10,832,1790444426621652844,451513196,1,
T-strict-all-c10,836,1790444426866665486,458159526,1,
T-strict-all-c10,839,1790444426940628808,420298112,1,
T-strict-all-c10,826,1790444426291010520,1116409131,1,
T-strict-all-c10,837,1790444426882569079,540479019,1,
T-strict-all-c10,840,1790444427048228735,388133235,1,
T-strict-all-c10,842,1790444427324830233,203709336,1,
T-strict-all-c10,846,1790444427436366741,182288980,1,
T-strict-all-c10,843,1790444427360932718,258081570,1,
T-strict-all-c10,845,1790444427423053055,243576535,1,
T-strict-all-c10,849,1790444427619016728,150679827,1,
T-strict-all-c10,835,1790444426798047980,976113660,1,
T-strict-all-c10,829,1790444426493534209,1367929592,1,
T-strict-all-c10,833,1790444426631803299,1247676402,1,
T-strict-all-c10,848,1790444427618662261,300395465,1,
T-strict-all-c10,852,1790444427774166303,220834770,1,
T-strict-all-c10,841,1790444427073173166,924226433,1,
T-strict-all-c10,838,1790444426909471010,1128115909,1,
T-strict-all-c10,851,1790444427769701876,483182472,1,
T-strict-all-c10,854,1790444427879486151,380324967,1,
T-strict-all-c10,855,1790444427919063295,347299379,1,
T-strict-all-c10,858,1790444428037593160,276240274,1,
T-strict-all-c10,847,1790444427528545125,806369983,1,
T-strict-all-c10,844,1790444427407424725,1031584397,1,
T-strict-all-c10,850,1790444427666635197,772531511,1,
T-strict-all-c10,853,1790444427861468967,577764283,1,
T-strict-all-c10,857,1790444427997403431,595501271,1,
T-strict-all-c10,861,1790444428266366577,386494574,1,
T-strict-all-c10,866,1790444428439234458,452555014,1,
T-strict-all-c10,867,1790444428592911233,331542366,1,
T-strict-all-c10,860,1790444428259815620,666659172,1,
T-strict-all-c10,856,1790444427995007396,947485309,1,
T-strict-all-c10,863,1790444428334920889,610358241,1,
T-strict-all-c10,864,1790444428439016521,561595602,1,
T-strict-all-c10,862,1790444428313839656,755026883,1,
T-strict-all-c10,859,1790444428252890084,822932064,1,
T-strict-all-c10,873,1790444428945282689,254393478,1,
T-strict-all-c10,865,1790444428439168654,823533850,1,
T-strict-all-c10,872,1790444428942497062,406289072,1,
T-strict-all-c10,869,1790444428891794909,457102034,1,
T-strict-all-c10,870,1790444428924459044,515455490,1,
T-strict-all-c10,876,1790444429075827374,364248483,1,
T-strict-all-c10,875,1790444429068872085,495199836,1,
T-strict-all-c10,879,1790444429348791755,363051290,1,
T-strict-all-c10,882,1790444429440078269,287752016,1,
T-strict-all-c10,878,1790444429262708062,500760517,1,
T-strict-all-c10,881,1790444429439920666,325890691,1,
T-strict-all-c10,871,1790444428926477870,856047175,1,
T-strict-all-c10,874,1790444429000618035,798588500,1,
T-strict-all-c10,868,1790444428652867420,1165242353,1,
T-strict-all-c10,885,1790444429727836250,110797135,1,
T-strict-all-c10,880,1790444429348897989,606599769,1,
T-strict-all-c10,877,1790444429199682125,756133219,1,
T-strict-all-c10,888,1790444429782530301,211351073,1,
T-strict-all-c10,884,1790444429711848705,307096463,1,
T-strict-all-c10,891,1790444429838648980,288366453,1,
T-strict-all-c10,887,1790444429765814818,472080012,1,
T-strict-all-c10,894,1790444429993886980,313187984,1,
T-strict-all-c10,890,1790444429818115381,596879055,1,
T-strict-all-c10,897,1790444430237900532,222217771,1,
T-strict-all-c10,883,1790444429564078939,1039876987,1,
T-strict-all-c10,900,1790444430460124947,237810940,1,
T-strict-all-c10,886,1790444429763473926,940183362,1,
T-strict-all-c10,892,1790444429955503234,785005021,1,
T-strict-all-c10,889,1790444429799212142,1004504683,1,
T-strict-all-c10,893,1790444429955817773,848042163,1,
T-strict-all-c10,903,1790444430703662295,152205045,1,
T-strict-all-c10,895,1790444430018950450,843037525,1,
T-strict-all-c10,896,1790444430127021704,751500308,1,
T-strict-all-c10,899,1790444430415000661,468772941,1,
T-strict-all-c10,898,1790444430307080276,693502579,1,
T-strict-all-c10,906,1790444430803861593,257965336,1,
T-strict-all-c10,909,1790444430878527902,337312070,1,
T-strict-all-c10,902,1790444430697941046,543590351,1,
T-strict-all-c10,912,1790444431061832688,263851730,1,
T-strict-all-c10,905,1790444430803722924,566168428,1,
T-strict-all-c10,901,1790444430603962427,797883305,1,
T-strict-all-c10,915,1790444431325689773,115170165,1,
T-strict-all-c10,908,1790444430861992772,660050904,1,
T-strict-all-c10,918,1790444431440865478,133102448,1,
T-strict-all-c10,904,1790444430740513569,845411134,1,
T-strict-all-c10,911,1790444431000589472,588218229,1,
T-strict-all-c10,921,1790444431585930504,88482742,1,
T-strict-all-c10,907,1790444430855875005,822302421,1,
T-strict-all-c10,914,1790444431241537385,467248391,1,
T-strict-all-c10,917,1790444431401850946,307061053,1,
T-strict-all-c10,910,1790444430883777481,874224732,1,
T-strict-all-c10,924,1790444431678181840,213890232,1,
T-strict-all-c10,913,1790444431215846648,719165076,1,
T-strict-all-c10,916,1790444431369897966,617873629,1,
T-strict-all-c10,920,1790444431573973528,456680794,1,
T-strict-all-c10,927,1790444431758007683,334279759,1,
T-strict-all-c10,923,1790444431674419803,506502761,1,
T-strict-all-c10,930,1790444431987777824,212682768,1,
T-strict-all-c10,933,1790444432180928172,139979199,1,
T-strict-all-c10,926,1790444431708913109,724084897,1,
T-strict-all-c10,936,1790444432433004160,91926392,1,
T-strict-all-c10,919,1790444431522049637,1004135483,1,
T-strict-all-c10,929,1790444431935017319,622895910,1,
T-strict-all-c10,932,1790444432092293070,511410423,1,
T-strict-all-c10,935,1790444432320912404,305891357,1,
T-strict-all-c10,922,1790444431588811789,1097080042,1,
T-strict-all-c10,928,1790444431892077492,806828654,1,
T-strict-all-c10,925,1790444431708791515,990243175,1,
T-strict-all-c10,931,1790444432030660126,668415438,1,
T-strict-all-c10,934,1790444432200465432,533774475,1,
T-strict-all-c10,939,1790444432557917803,233605666,1,
T-strict-all-c10,937,1790444432524935686,327009621,1,
T-strict-all-c10,941,1790444432626809021,288161382,1,
T-strict-all-c10,942,1790444432685897098,346753675,1,
T-strict-all-c10,938,1790444432526187588,620314080,1,
T-strict-all-c10,944,1790444432699036545,519931309,1,
T-strict-all-c10,945,1790444432699076931,545239960,1,
T-strict-all-c10,948,1790444432851950336,399999145,1,
T-strict-all-c10,940,1790444432603708976,684977392,1,
T-strict-all-c10,947,1790444432791529654,521576436,1,
T-strict-all-c10,950,1790444433032656010,306460502,1,
T-strict-all-c10,949,1790444432914975951,525136799,1,
T-strict-all-c10,946,1790444432734246326,705976628,1,
T-strict-all-c10,943,1790444432698911527,741343712,1,
T-strict-all-c10,951,1790444433146507036,484085616,1,
T-strict-all-c10,954,1790444433251954650,401649714,1,
T-strict-all-c10,956,1790444433313112884,349950638,1,
T-strict-all-c10,953,1790444433244322081,418884619,1,
T-strict-all-c10,959,1790444433440224048,457785728,1,
T-strict-all-c10,955,1790444433288692023,632764626,1,
T-strict-all-c10,952,1790444433218973980,710153135,1,
T-strict-all-c10,962,1790444433653610084,305680106,1,
T-strict-all-c10,957,1790444433339121616,698874020,1,
T-strict-all-c10,958,1790444433440117960,597931825,1,
T-strict-all-c10,963,1790444433663068581,379467549,1,
T-strict-all-c10,960,1790444433440256128,624892171,1,
T-strict-all-c10,965,1790444433898015245,423616676,1,
T-strict-all-c10,968,1790444433959295524,380327641,1,
T-strict-all-c10,971,1790444434042539993,325567746,1,
T-strict-all-c10,972,1790444434065153643,335092432,1,
T-strict-all-c10,969,1790444434038001209,365816122,1,
T-strict-all-c10,966,1790444433921462074,518249834,1,
T-strict-all-c10,964,1790444433663208181,804460524,1,
T-strict-all-c10,961,1790444433630598144,845729320,1,
T-strict-all-c10,967,1790444433929132132,782800339,1,
T-strict-all-c10,974,1790444434339628906,389754033,1,
T-strict-all-c10,970,1790444434038051965,731862221,1,
T-strict-all-c10,975,1790444434368113104,443390214,1,
T-strict-all-c10,978,1790444434439718544,371910320,1,
T-strict-all-c10,977,1790444434403821654,429922852,1,
T-strict-all-c10,973,1790444434321650554,586042394,1,
T-strict-all-c10,980,1790444434476333996,449140880,1,
T-strict-all-c10,981,1790444434711938845,281308672,1,
T-strict-all-c10,979,1790444434467674746,536197319,1,
T-strict-all-c10,976,1790444434400251497,608618547,1,
T-strict-all-c10,983,1790444434769919799,373833136,1,
T-strict-all-c10,986,1790444434833750570,467091066,1,
T-strict-all-c10,984,1790444434811508557,533068309,1,
T-strict-all-c10,987,1790444434907698001,454977930,1,
T-strict-all-c10,992,1790444435143758157,281034490,1,
T-strict-all-c10,989,1790444434993253007,431680851,1,
T-strict-all-c10,985,1790444434811631138,680252421,1,
T-strict-all-c10,990,1790444435003878340,561794213,1,
T-strict-all-c10,995,1790444435362681790,249048841,1,
T-strict-all-c10,982,1790444434729388446,900537045,1,
T-strict-all-c10,988,1790444434925480565,767503578,1,
T-strict-all-c10,998,1790444435491888764,222030610,1,
T-strict-all-c10,993,1790444435300847314,414081215,1,
T-strict-all-c10,991,1790444435008875025,706828376,1,
T-strict-all-c10,997,1790444435424935350,323686179,1,
T-strict-all-c10,999,1790444435565678026,245281602,1,
T-strict-all-c10,994,1790444435344582375,498297340,1,
T-strict-all-c10,1000,1790444435611736807,231158225,1,
T-strict-all-c10,996,1790444435424797851,418140841,1,
